{
"InputFileFolder": "modelInput",
"InputFileNameTemp": "temp_michael.csv",
"InputFileNamebdot": "bdot_michael.csv",
"resultsFolder": "test_michael",
"physRho": "Ligtenberg2011",
"Ts0": 210.0,
"TAmp":10.0,
"bdot0": 0.01,
"_comment1": "bdot is in units of m ice equivalent. Is this strictly true? Should just make everything water...",
"_physRhoOptions":["HLdynamic","HLSigfus","Li2004","Li2011","Helsen2008","Arthern2010S","Arthern2010T","Spencer2001","Goujon2003","Barnola1991","Morris2013","…"],
"physGrain": true,
"calcGrainSize": true,
"heatDiff":"on",
"rhos0": 360.0,
"r2s0": 1.0e-8,
"yearSpin": 1000,
"stpsPerYearSpin": 1.0,
"H": 3000,
"HbaseSpin": 2700.0,
"years": 100.0,
"stpsPerYear": 1.0,
"D_surf": 1.0,
"plotting": "off",
"plotsFolder": "Plots",
"bdot_type": "mean",
"bdot_options": ["instant","mean"],
"isoDiff": "on",
"iso": "18",
"_isoOptions":["18","D"]
}

